metros,habitaciones,banios,antiguedad,distancia_centro_km,vista_panoramica_score,precio
46.0,4,2,41,1.57,4.41,640982.0
94.3,2,3,40,18.83,8.93,1074328.0
182.9,2,2,15,14.0,0.36,2541204.0
265.8,2,2,39,1.1,8.55,3908903.0
60.4,5,2,40,7.86,1.63,944055.0
147.6,1,2,43,4.0,5.07,1811643.0
247.9,2,3,15,6.9,4.24,3617349.0
140.9,2,2,10,8.6,0.1,2154166.0
88.8,2,4,26,12.34,9.15,1528117.0
90.7,1,2,41,16.11,4.55,1068425.0
151.9,5,4,40,0.53,9.54,2198163.0
171.6,2,2,25,5.28,2.87,2656354.0
280.6,3,1,6,3.26,8.66,4060761.0
218.0,2,1,19,16.72,9.22,3155634.0
231.8,5,4,32,10.21,5.57,3165405.0
315.2,2,4,25,16.68,2.03,4499899.0
152.4,2,1,15,7.04,6.85,2020212.0
150.0,2,3,15,1.21,5.49,2206959.0
298.2,2,3,2,28.27,9.45,4543476.0
105.1,1,1,12,3.7,4.39,1569950.0
243.0,4,2,30,4.24,2.69,3409216.0
250.1,1,3,10,4.82,1.38,3613068.0
62.9,2,4,44,29.45,6.99,751173.0
168.4,2,4,3,18.72,9.74,2705044.0
92.2,2,1,26,18.5,0.28,1298336.0
87.8,4,1,22,29.61,7.4,953318.0
167.2,3,2,37,3.11,9.27,2219327.0
117.5,5,1,39,29.25,0.75,1473295.0
261.9,2,3,24,6.52,1.1,3770790.0
293.7,5,1,28,18.88,6.92,4150305.0
263.8,1,1,31,12.89,6.48,3625380.0
110.8,3,1,23,11.83,0.69,1526243.0
113.1,4,2,8,27.97,8.34,1671063.0
107.6,3,4,19,4.9,5.23,1737827.0
73.5,5,1,10,29.91,9.07,1187392.0
304.0,2,4,20,11.68,8.78,4306795.0
149.6,1,2,27,19.64,8.13,2035767.0
99.0,4,1,9,29.05,5.16,1466657.0
276.3,1,2,11,2.2,2.52,4326199.0
148.8,4,3,37,27.72,5.06,1986816.0
45.0,4,1,16,17.25,1.01,749793.0
81.2,5,1,8,21.28,6.59,1367017.0
217.2,3,4,32,4.9,1.34,3168631.0
258.1,5,3,32,16.23,5.11,3638992.0
95.1,1,2,37,20.37,0.54,1157974.0
296.5,3,4,34,13.96,3.0,4176459.0
277.5,1,4,44,5.07,2.32,4026828.0
276.8,4,2,25,7.7,6.2,4002742.0
99.9,4,3,12,25.7,7.87,1593007.0
49.4,5,1,38,1.52,0.57,579251.0
282.2,4,2,11,21.41,8.5,3919743.0
122.2,2,3,13,29.98,8.61,2029885.0
211.4,1,1,37,0.72,3.42,6593065.0
251.6,5,4,39,5.25,6.59,3506560.0
71.6,3,4,15,20.39,4.03,1323405.0
257.5,1,2,32,2.27,1.54,3643757.0
302.5,5,2,41,17.9,5.29,4256732.0
242.6,5,1,35,20.68,0.86,3265560.0
160.7,3,3,0,17.85,8.78,2512867.0
284.9,4,1,29,11.27,9.24,3929644.0
185.3,1,2,7,21.07,8.22,2532769.0
247.3,1,3,38,18.03,5.63,3365090.0
268.8,2,3,3,6.63,5.58,4125327.0
248.6,4,3,44,17.11,9.85,3712355.0
117.0,1,1,7,26.52,2.48,1681432.0
68.6,1,4,18,20.17,0.76,933927.0
102.9,4,3,10,14.42,5.62,1680285.0
178.3,4,4,36,9.99,3.29,2946371.0
179.0,4,2,17,3.03,3.22,2800083.0
201.1,4,4,33,7.72,0.07,2835217.0
147.6,5,2,3,0.83,5.96,2472575.0
259.3,4,4,20,29.61,2.64,3645800.0
295.2,3,1,40,7.06,1.88,3754160.0
105.3,5,1,41,24.54,0.4,1260459.0
244.9,2,3,9,5.48,3.64,3705221.0
228.2,1,3,17,8.87,8.79,3059257.0
184.1,4,3,18,12.84,3.37,2609200.0
88.7,2,2,25,10.07,6.79,1277758.0
261.6,5,4,24,24.05,7.57,3746996.0
308.8,3,2,4,28.75,3.28,4549886.0
240.7,5,3,34,26.32,8.22,3167735.0
296.6,1,4,10,5.03,6.92,4581573.0
315.5,4,3,14,23.41,5.59,4349754.0
135.3,3,3,37,4.86,0.01,2104229.0
216.9,3,4,31,27.44,0.35,2815589.0
170.1,2,4,17,15.78,9.91,2442497.0
316.2,5,2,41,10.42,7.82,4458211.0
61.7,2,2,17,5.13,9.38,1113572.0
152.5,5,1,25,0.85,9.02,2252762.0
284.5,3,3,11,7.81,0.2,4337918.0
116.0,1,4,8,27.46,7.92,1825765.0
259.5,5,2,22,24.02,4.51,3510955.0
144.1,1,2,25,29.11,7.9,1881842.0
314.3,2,1,36,3.47,0.07,4069828.0
286.8,5,2,17,17.97,2.88,3907918.0
120.9,5,1,40,8.09,7.51,1642189.0
254.5,5,4,27,16.52,7.93,3539632.0
131.0,3,3,3,9.95,6.2,2181004.0
207.8,4,1,33,8.86,3.01,2670736.0
222.7,2,1,25,17.43,3.1,3100049.0
271.4,4,4,17,5.91,9.67,4001676.0
42.0,3,4,21,14.34,4.39,862643.0
97.7,1,4,13,19.7,4.47,1591705.0
237.9,3,1,27,4.28,5.52,3532571.0
195.6,3,1,25,27.95,4.1,2539565.0
176.2,2,1,20,15.42,5.53,2467563.0
50.7,2,4,12,24.68,4.32,844776.0
134.3,3,4,17,19.79,8.27,3946165.0
281.6,1,4,22,21.45,9.09,3999142.0
43.8,1,1,21,21.63,9.32,501201.0
148.0,4,1,13,26.32,5.64,1974646.0
304.4,2,4,26,18.6,4.42,4092480.0
49.5,4,4,10,8.71,7.05,877977.0
248.7,3,3,22,3.44,8.38,3482556.0
108.4,3,1,5,18.38,5.63,1710068.0
282.0,3,1,21,2.46,7.0,3727167.0
247.6,3,1,35,7.62,7.5,3159602.0
287.4,5,3,36,2.29,6.76,4447521.0
96.5,5,4,31,16.69,7.46,1422896.0
186.4,2,3,33,5.23,2.09,2699475.0
257.1,4,2,2,18.51,4.98,3947012.0
105.0,5,4,15,23.83,5.88,1767481.0
100.8,1,1,29,24.75,0.02,1118362.0
42.7,4,4,36,9.63,8.56,682118.0
308.2,3,4,26,16.69,6.1,4132926.0
237.4,5,3,38,17.11,1.29,3713599.0
216.1,3,4,12,14.45,8.16,3059486.0
247.0,5,3,6,19.83,7.17,3564068.0
186.5,1,2,3,6.7,7.58,2701983.0
170.7,1,2,26,29.39,3.92,2111231.0
163.1,5,4,29,3.39,8.54,2660086.0
217.5,3,3,12,24.96,4.14,3562912.0
92.4,3,1,35,18.03,5.71,1117977.0
288.1,1,4,33,7.72,0.01,3864716.0
266.3,2,1,16,22.5,6.45,3335026.0
134.6,5,3,10,2.99,7.18,2183602.0
199.9,2,1,33,23.35,5.67,2590649.0
75.2,3,3,30,17.9,4.97,1032638.0
312.1,2,2,7,3.77,8.1,4641229.0
292.3,2,2,11,2.85,6.81,4362881.0
297.7,1,3,21,22.65,2.78,4277144.0
129.7,5,4,23,9.14,9.59,2019482.0
83.2,5,2,7,26.73,7.07,1248281.0
95.4,1,4,42,22.98,9.88,1310444.0
60.7,2,2,17,21.1,9.71,901503.0
69.2,3,1,17,8.72,9.19,1108932.0
55.3,2,1,2,21.41,7.55,952893.0
317.1,4,1,39,28.47,6.09,3953752.0
56.1,2,3,10,3.2,1.72,951882.0
72.8,1,3,44,10.12,5.43,864520.0
270.8,2,2,22,7.42,7.65,3680380.0
200.4,3,2,39,12.1,5.21,2829528.0
255.7,1,4,8,22.4,8.68,3864899.0
214.8,5,3,7,14.49,1.1,3463913.0
286.4,1,1,36,17.34,3.81,3901836.0
217.0,1,1,36,9.77,5.06,2925628.0
183.8,3,2,24,4.67,4.32,2822187.0
238.1,3,2,1,8.37,1.09,3687717.0
162.5,2,4,42,25.86,1.54,2206052.0
133.6,2,3,17,18.27,8.38,2154571.0
168.3,1,4,42,11.65,4.84,2343979.0
83.4,4,3,39,23.8,0.49,1082288.0
262.0,2,2,38,2.4,0.16,3481036.0
109.3,1,3,30,7.99,4.73,1636801.0
78.8,2,3,30,7.29,1.64,1264346.0
105.2,5,3,23,29.57,7.05,1543420.0
275.0,2,1,1,21.33,7.95,4216359.0
129.1,5,3,17,18.72,2.28,1784907.0
230.5,2,2,32,0.65,5.92,3237494.0
279.1,1,4,36,5.94,1.54,3956190.0
57.2,2,4,25,19.25,3.04,859103.0
253.0,2,3,31,11.7,8.89,3971890.0
122.7,1,4,0,27.77,5.44,1982046.0
96.7,3,3,21,23.06,8.86,1403996.0
231.3,2,1,22,13.7,2.25,3226269.0
294.3,4,3,40,22.61,3.3,3682216.0
119.1,3,4,13,29.27,4.71,1778117.0
197.1,3,1,10,14.1,4.8,3005389.0
117.6,3,1,15,19.45,9.98,1622025.0
193.0,1,2,7,27.6,1.14,2677467.0
212.2,4,4,25,7.84,8.52,3368392.0
208.9,1,3,28,26.65,8.64,3083601.0
212.7,4,4,36,3.38,5.53,3182726.0
73.5,5,4,43,19.63,3.44,998893.0
232.7,4,3,3,23.59,5.19,3484821.0
227.3,3,3,11,18.63,2.92,3256540.0
229.5,2,2,13,15.12,7.99,3176975.0
56.1,5,1,11,18.71,4.98,831905.0
162.3,2,2,37,4.97,9.26,2150124.0
151.6,3,3,6,6.86,6.23,2303946.0
59.7,4,1,1,8.46,5.14,965434.0
98.4,5,1,38,18.13,7.11,1274144.0
160.7,5,1,43,13.54,5.04,2132991.0
246.7,1,3,10,7.71,9.05,3953485.0
102.6,5,4,14,26.54,1.84,1606156.0
271.5,1,4,22,11.53,9.73,4007085.0
190.6,3,2,23,13.66,8.12,2764748.0
251.7,5,3,44,12.59,8.61,3453050.0
169.7,4,4,18,5.87,4.83,2747084.0
177.3,5,3,0,22.08,8.37,2901092.0
211.6,2,2,19,13.73,3.07,3080773.0
299.5,2,2,25,0.98,7.62,4224201.0
175.2,2,3,23,28.94,1.4,2425025.0
185.7,2,2,23,24.57,3.07,2397835.0
206.6,4,4,41,21.85,4.46,2768267.0
245.2,3,4,36,26.14,3.22,3326858.0
55.5,4,1,11,27.25,3.87,755292.0
182.0,3,3,15,10.46,8.2,2807937.0
172.3,2,2,30,18.52,2.57,2509861.0
297.7,1,3,18,18.46,7.45,4091745.0
175.6,3,2,19,8.39,0.74,2612395.0
168.5,5,2,7,7.05,7.66,2501887.0
309.2,5,2,11,3.86,7.92,4521535.0
163.4,2,1,33,19.95,4.02,2057033.0
86.6,3,4,37,23.54,7.22,1261167.0
96.8,4,1,35,22.95,9.15,1155743.0
62.1,4,2,13,9.83,8.01,1125541.0
35.2,1,1,6,6.56,3.9,621342.0
158.1,3,1,7,13.88,4.84,2273718.0
254.2,1,2,17,16.63,7.79,3403674.0
244.0,1,4,23,27.61,2.93,3522490.0
44.2,4,4,40,26.31,8.04,652315.0
197.4,1,2,40,27.52,3.28,2594529.0
79.0,2,3,0,25.58,8.06,1525630.0
303.2,3,4,31,28.96,0.87,4545071.0
82.7,4,1,13,14.23,0.44,1234608.0
213.6,3,4,8,1.9,9.98,3312103.0
128.0,1,1,24,2.97,8.69,1839709.0
217.8,4,1,1,12.01,8.83,3145964.0
152.5,5,2,15,8.1,9.51,2464980.0
251.5,5,1,24,5.51,4.38,3647345.0
100.7,4,4,12,28.62,2.87,1652489.0
293.2,3,4,26,6.26,1.3,4416954.0
177.6,5,2,20,28.8,5.01,2753694.0
250.5,3,4,35,22.94,2.2,7848048.0
277.2,1,4,8,19.41,9.36,4101196.0
319.7,5,4,2,20.44,0.04,5146605.0
98.8,2,4,23,10.28,1.43,1641662.0
116.8,5,3,11,19.57,2.46,1836274.0
106.4,2,1,31,6.01,1.99,1430674.0
109.9,5,4,4,28.16,2.26,1870598.0
201.0,3,3,25,9.4,6.56,2982774.0
318.2,3,4,44,8.03,3.28,4197947.0
317.2,2,4,4,21.48,6.15,4421453.0
185.1,5,1,13,19.87,8.9,2567862.0
217.1,1,2,37,13.81,6.03,2784329.0
280.1,3,1,24,19.16,6.95,3763579.0
300.9,2,1,7,5.21,3.66,4494255.0
93.1,3,4,9,20.36,1.6,1555967.0
185.6,2,4,34,8.48,3.21,2706551.0
272.4,4,4,38,8.55,9.64,3682580.0
121.4,2,4,16,5.28,6.22,1912864.0
160.3,1,3,21,10.31,2.78,2424885.0
315.9,1,3,35,10.27,4.51,4524040.0
315.7,4,4,7,13.9,8.36,4614474.0
293.2,2,3,9,6.12,6.68,9505216.0
262.6,2,3,34,6.19,5.61,4085457.0
111.7,4,1,8,16.48,8.85,1697737.0
126.4,2,3,34,4.3,6.72,1741131.0
191.0,2,4,22,20.82,6.43,2778004.0
194.8,2,3,44,28.35,1.9,2572436.0
179.1,2,2,1,13.09,1.06,2722922.0
216.5,4,1,42,27.08,9.65,2802254.0
151.4,3,1,10,3.4,5.99,2115221.0
248.5,5,3,1,1.77,4.16,3733250.0
130.1,4,3,32,21.78,5.89,1818277.0
129.2,1,4,23,22.95,0.62,1880360.0
71.3,2,4,37,25.37,8.22,924960.0
88.8,2,2,4,2.18,2.17,1491143.0
277.4,3,4,3,23.42,8.05,4200388.0
162.2,2,3,25,11.61,5.34,2465331.0
99.9,5,2,39,9.45,2.77,1362024.0
251.4,2,4,18,5.6,0.3,3825884.0
192.9,3,1,35,29.88,8.16,2432075.0
41.0,1,3,40,2.38,1.76,587142.0
125.2,5,4,39,24.9,0.52,1805342.0
85.4,5,3,22,19.37,7.56,1403033.0
221.9,4,4,31,22.18,3.5,3294714.0
113.4,2,1,23,21.5,3.89,1579822.0
53.5,1,3,30,25.82,2.47,693449.0
50.7,4,4,25,5.92,8.59,940583.0
200.8,3,3,23,0.52,2.97,3140783.0
41.2,5,4,19,18.16,2.1,765381.0
276.9,4,2,29,10.94,3.09,3798845.0
79.3,3,3,33,4.15,2.03,1196726.0
207.9,5,2,41,5.99,3.18,2941018.0
161.7,5,4,27,10.29,0.83,2360264.0
161.2,3,1,4,2.57,1.59,2469101.0
55.5,1,2,26,2.18,4.17,815209.0
263.8,1,1,14,27.52,8.79,3278578.0
289.5,3,3,1,9.71,0.57,4345172.0
38.1,3,1,3,29.48,2.13,620285.0
85.9,1,2,26,28.95,9.08,1100590.0
292.6,1,4,42,4.71,8.9,4368842.0
191.6,4,2,22,21.59,6.79,2561419.0
77.8,4,1,20,18.22,2.4,1042492.0
92.8,1,1,3,20.87,4.2,1172076.0
223.1,3,1,30,3.34,2.11,3033775.0
241.6,1,4,2,6.06,1.29,3680092.0
205.8,4,3,37,2.76,3.8,2872024.0
306.6,5,4,36,18.32,5.76,4581592.0
175.8,5,1,44,29.6,3.6,2337368.0
120.6,3,2,12,20.32,6.11,1816275.0
171.0,4,1,7,21.47,2.96,2467308.0
137.5,5,2,13,29.55,3.46,2141943.0
99.0,4,3,35,20.5,7.91,1376145.0
48.1,3,4,9,1.69,8.78,981557.0
135.4,4,2,39,26.08,3.22,1579121.0
237.8,3,4,6,11.26,5.72,3598119.0
40.3,5,3,2,0.63,2.78,1017798.0
160.2,3,2,9,15.46,0.53,2687379.0
218.5,5,4,33,28.14,7.38,3121084.0
209.0,1,2,27,8.09,1.71,2821476.0
256.3,1,1,15,15.0,4.26,3409551.0
266.0,1,4,29,5.63,4.87,3940329.0
237.8,3,4,29,2.2,1.84,3227267.0
64.3,4,1,24,2.88,0.95,999489.0
170.4,2,4,23,21.95,3.48,2600975.0
207.0,1,4,4,25.99,9.52,3204238.0
105.0,5,4,11,4.73,6.15,1816855.0
47.1,4,2,23,9.01,3.81,793664.0
98.7,4,3,6,6.25,0.39,1722134.0
164.6,3,3,21,1.29,6.0,2404385.0
153.0,3,3,5,16.83,0.92,2617996.0
85.4,1,3,35,21.15,5.43,1095088.0
270.0,1,3,4,19.61,7.52,4131097.0
298.8,5,3,4,11.95,4.24,4059641.0
92.4,2,3,28,16.87,2.99,1437038.0
299.9,4,3,9,3.28,0.47,4790629.0
40.1,4,1,15,5.05,0.25,692797.0
298.6,2,1,14,27.99,4.3,4270440.0
306.3,2,4,9,22.96,8.83,4630251.0
38.4,4,4,34,27.72,2.44,525419.0
252.5,1,3,31,27.54,5.74,3558685.0
311.5,3,1,10,19.66,6.84,4284526.0
293.2,5,4,30,27.88,0.61,4071546.0
311.7,4,1,32,12.79,1.53,4521855.0
191.8,4,2,24,0.61,3.31,2949234.0
57.3,1,2,26,2.35,6.7,797630.0
277.2,1,1,42,3.73,4.39,3582996.0
209.9,2,4,20,3.31,7.34,3079018.0
210.2,2,3,17,10.88,8.68,3211729.0
153.9,1,2,24,21.19,7.58,2005948.0
198.0,5,3,37,23.82,9.92,2799107.0
78.8,1,1,31,17.91,7.54,1023515.0
245.8,4,2,3,4.82,8.52,3726206.0
56.4,3,3,20,22.56,8.32,955380.0
243.0,4,2,33,10.97,7.3,3350848.0
277.0,2,4,10,0.88,8.02,4174839.0
169.7,2,1,44,8.78,9.35,2063277.0
180.3,4,1,36,10.25,4.75,2571346.0
124.0,2,3,38,8.59,6.38,1642606.0
311.3,4,4,3,24.45,5.15,4747321.0
243.9,1,2,26,22.92,8.51,3345026.0
140.2,1,1,23,21.02,4.31,1764279.0
84.8,4,4,28,4.6,8.2,1332282.0
97.6,4,2,38,24.33,7.99,1375252.0
167.2,1,1,15,20.48,9.62,2358593.0
303.6,5,3,24,6.25,2.49,4240038.0
244.2,1,2,30,19.62,7.1,3390649.0
96.3,5,4,33,14.76,7.57,1455121.0
280.0,4,2,34,13.46,9.36,4518030.0
142.8,5,3,15,3.81,9.07,2306743.0
277.7,5,3,44,15.79,5.74,3775339.0
103.9,2,1,0,3.45,5.79,1817702.0
211.3,4,2,22,5.35,1.67,2815565.0
299.1,2,1,27,4.41,9.75,4190243.0
108.5,3,3,2,28.65,2.55,1935741.0
232.5,2,4,20,8.9,7.25,3442104.0
316.4,3,4,26,10.98,7.96,4246958.0
77.9,5,2,27,10.0,4.41,1136618.0
60.2,3,2,5,27.0,2.11,1094691.0
227.1,1,3,12,17.11,1.89,3394255.0
131.8,2,3,11,27.62,8.56,1889625.0
55.3,4,4,28,9.35,5.11,899168.0
170.5,3,1,14,3.89,0.9,2440939.0
249.8,3,1,25,16.91,7.17,3517569.0
116.3,3,2,32,10.69,2.5,1747489.0
130.5,2,2,35,24.16,8.76,1811817.0
276.0,3,2,8,26.44,3.1,4071301.0
183.2,4,4,40,14.44,2.0,2427624.0
275.2,5,1,7,29.16,0.85,3717898.0
162.2,4,4,0,16.81,5.12,2721607.0
306.6,5,3,2,8.49,4.51,4401832.0
220.5,5,3,9,14.92,7.51,3327158.0
68.0,1,3,39,1.6,4.65,965945.0
287.3,2,1,9,24.22,3.44,3860539.0
174.4,2,3,31,3.49,2.62,2385399.0
75.4,1,1,18,9.61,2.78,1067787.0
78.5,1,3,1,17.18,9.28,1394268.0
230.9,4,3,19,1.77,1.65,3628460.0
48.5,2,3,1,2.84,9.88,1064821.0
116.7,1,2,21,21.04,3.27,1636575.0
74.8,2,2,25,2.62,0.88,1061895.0
160.7,2,2,23,14.57,2.49,2151142.0
153.1,1,1,12,10.49,0.58,2153274.0
183.7,1,3,34,7.23,7.9,2634202.0
114.7,4,1,26,6.07,5.13,1664174.0
44.1,5,2,11,23.02,3.37,643418.0
210.1,3,3,19,28.57,6.62,2903586.0
141.5,4,1,4,4.64,6.31,2345363.0
220.6,5,4,41,28.81,9.4,3077681.0
66.0,5,2,33,18.05,9.61,802933.0
38.9,1,1,12,19.43,6.81,709912.0
105.8,5,3,30,21.44,8.18,1530792.0
165.1,1,3,30,21.27,7.92,2332369.0
147.3,1,3,27,24.68,4.91,2091333.0
265.9,3,4,2,14.76,7.04,4017713.0
142.7,4,2,39,16.23,0.78,1834392.0
186.2,1,4,43,10.05,7.58,2861565.0
204.2,2,2,43,3.61,9.62,2905633.0
41.2,2,3,44,20.11,0.85,500391.0
181.8,2,1,41,1.49,8.36,2494365.0
133.3,5,3,33,8.63,9.33,1848728.0
155.1,2,2,2,3.28,2.26,2596660.0
63.6,2,3,20,6.13,5.25,988985.0
258.1,1,4,11,19.34,9.28,3875631.0
303.6,1,4,9,19.04,9.6,4169570.0
41.3,1,4,37,12.92,1.28,467421.0
206.4,3,1,36,3.16,3.49,2865255.0
252.7,3,1,23,13.28,6.98,7833296.0
116.2,3,4,33,10.91,2.22,1529745.0
259.5,5,2,5,21.75,3.25,3940335.0
215.2,3,1,9,17.58,0.23,3427137.0
299.8,1,2,38,15.0,1.54,4334238.0
314.6,2,4,20,14.87,5.62,4529112.0
47.1,2,2,24,29.01,6.53,608494.0
161.8,5,1,20,22.81,6.49,2388575.0
190.9,2,3,9,15.16,7.78,3037664.0
76.8,1,1,37,14.64,4.15,872383.0
130.8,4,2,34,1.28,2.73,1872978.0
316.5,3,1,30,28.3,0.16,4348787.0
39.6,1,3,15,9.92,2.07,753310.0
164.0,4,2,28,8.05,3.12,2337023.0
275.2,2,4,42,29.98,1.78,3732955.0
127.3,5,2,29,21.7,0.2,1925887.0
171.7,5,1,22,1.9,1.57,2659154.0
313.7,2,1,12,2.33,6.66,4616763.0
170.3,3,1,23,1.25,6.3,2656678.0
72.3,3,2,16,18.19,9.36,1078002.0
49.7,4,1,27,2.61,7.98,835596.0
304.4,1,2,2,28.03,5.68,4498321.0
110.8,2,4,8,28.14,1.38,2079869.0
178.7,1,4,35,16.61,5.64,2358949.0
60.9,4,3,17,18.69,0.62,966899.0
155.7,1,4,19,9.11,4.31,2423194.0
300.1,3,4,24,2.39,3.9,4498675.0
178.2,4,3,19,22.26,4.28,2874103.0
311.8,5,4,34,3.5,2.8,4400390.0
108.8,2,1,11,3.02,6.86,1744044.0
178.8,1,4,34,9.68,8.41,2709150.0
280.0,4,2,9,0.87,7.69,4311014.0
162.8,1,3,16,13.3,6.28,2301365.0
114.7,1,4,26,21.38,5.38,1811285.0
278.8,5,2,39,24.14,0.31,4022195.0
146.1,5,1,10,18.33,7.23,2241812.0
186.3,4,2,26,25.48,5.45,2623376.0
313.3,5,2,2,12.49,2.71,4720349.0
88.1,1,4,3,25.54,3.28,1482755.0
120.9,1,4,34,15.44,9.36,1783750.0
43.9,2,3,32,7.08,6.24,662498.0
146.7,1,4,16,28.35,4.76,2081502.0
92.1,5,2,28,8.61,6.21,1273467.0
228.8,1,2,17,1.27,4.14,3217857.0
86.7,3,4,12,7.66,4.7,1535690.0
227.3,5,3,19,11.32,2.9,3380774.0
110.1,4,3,14,10.86,4.4,1791410.0
136.2,2,2,36,15.98,6.86,1867578.0
134.4,3,3,18,26.55,0.4,1909936.0
239.3,3,4,14,9.12,7.95,3862193.0
168.0,4,2,24,15.86,2.83,2372868.0
138.0,3,1,34,10.53,6.83,1795675.0
278.0,2,1,12,24.74,6.43,3996600.0
198.0,4,1,42,5.15,6.53,2403056.0
95.9,5,2,20,3.55,6.08,1445873.0
291.5,3,3,29,15.34,9.59,4315919.0
132.7,1,4,43,20.32,5.08,1593835.0
46.1,3,1,19,23.97,7.32,695156.0
176.0,5,4,8,17.89,7.05,2985381.0
70.3,5,3,33,23.33,2.36,973101.0
103.0,3,1,0,12.08,2.83,1677752.0
247.9,1,2,20,1.47,4.24,3757114.0
72.3,3,2,44,3.92,2.78,890537.0
265.0,5,4,18,1.64,3.67,4179178.0
302.0,5,4,30,10.2,3.91,4269045.0
207.9,1,4,23,15.12,6.04,2968736.0
237.5,2,3,9,11.01,2.2,3431401.0
238.4,3,2,14,17.04,8.04,3510567.0
318.0,1,2,23,14.68,4.38,4691321.0
132.3,5,4,4,20.5,7.06,2184694.0
81.4,1,1,18,20.18,0.81,1004322.0
183.0,4,2,18,9.88,4.7,2557707.0
187.0,5,1,37,10.71,0.28,2593774.0
85.7,4,2,5,17.76,6.76,1568851.0
209.7,4,2,37,18.09,3.44,2919871.0
39.0,2,1,18,9.78,9.49,562414.0
299.4,5,2,29,10.24,3.24,4394515.0
110.4,3,4,25,20.97,5.64,1642979.0
46.3,1,3,13,19.6,2.57,758968.0
65.9,2,4,41,4.48,6.2,890599.0
